photo_no,group,family,genus,species,sub.var,link,location,photographer
0,native,Apiaceae,Apium,prostratum,var. filiforme,/photo/apii/id/a/25786,"Taken at. ANBG, ACT","Photographer. Fagg, M."
1,native,Apiaceae,Apium,prostratum,var. filiforme,/photo/apii/id/a/25787,"Taken at. ANBG, ACT","Photographer. Fagg, M."
2,native,Apiaceae,Apium,prostratum,var. filiforme,/photo/apii/id/dig/16105,"Taken at. Dharug Nat Pk, near Wysemans Ferry, NSW","Photographer. Fagg, M."
3,native,Apiaceae,Apium,prostratum,var. filiforme,/photo/apii/id/dig/16106,"Taken at. Dharug Nat Pk, near Wysemans Ferry, NSW","Photographer. Fagg, M."
0,native,Apiaceae,Centella,asiatica,,/photo/apii/id/a/19686,Taken at. ANBG,"Photographer. Fagg, M."
1,native,Apiaceae,Centella,asiatica,,/photo/apii/id/a/26752,"Taken at. ANBG, ACT","Photographer. Fagg, M."
2,native,Apiaceae,Centella,asiatica,,/photo/apii/id/a/26753,"Taken at. ANBG, ACT","Photographer. Fagg, M."
3,native,Apiaceae,Centella,asiatica,,/photo/apii/id/dig/25479,"Taken at. Property of P. and H. Hadobas, approximately 10 km SSE of Boro, NSW","Photographer. Hadobas, P."
4,native,Apiaceae,Centella,asiatica,,/photo/apii/id/dig/25480,"Taken at. Property of P. and H. Hadobas, approximately 10 km SSE of Boro, NSW","Photographer. Hadobas, P."
5,native,Apiaceae,Centella,asiatica,,/photo/apii/id/dig/45060,"Taken at. Swan Coastal Plain: Lightning Swamp, Morley, WA","Photographer. Thiele, K.R."
6,native,Apiaceae,Centella,asiatica,,/photo/apii/id/dig/45061,"Taken at. Swan Coastal Plain: Lightning Swamp, Morley, WA","Photographer. Thiele, K.R."
0,native,Apocynaceae,Alyxia,buxifolia,,/photo/apii/id/a/46,Taken at. Burrewarra Point NSW,"Photographer. Crisp, M."
1,native,Apocynaceae,Alyxia,buxifolia,,/photo/apii/id/a/47,Taken at. Burrewarra Point,"Photographer. Crisp, M."
2,native,Apocynaceae,Alyxia,buxifolia,,/photo/apii/id/a/19412,Taken at. Near Bega NSW,"Photographer. Fagg, M."
3,native,Apocynaceae,Alyxia,buxifolia,,/photo/apii/id/a/25482,"Taken at. 18.3 km S from Mullewa along road to Tardun, WA","Photographer. Fagg, M."
4,native,Apocynaceae,Alyxia,buxifolia,,/photo/apii/id/dig/38954,"Taken at. Kulliparu Conservation Park, Eyre Peninsula, SA","Photographer. Fagg, M."
5,native,Apocynaceae,Alyxia,buxifolia,,/photo/apii/id/dig/38955,"Taken at. Kulliparu Conservation Park, Eyre Peninsula, SA","Photographer. Fagg, M."
6,native,Apocynaceae,Alyxia,buxifolia,,/photo/apii/id/dig/38956,"Taken at. Kulliparu Conservation Park, Eyre Peninsula, SA","Photographer. Fagg, M."
7,native,Apocynaceae,Alyxia,buxifolia,,/photo/apii/id/dig/38957,"Taken at. Kulliparu Conservation Park, Eyre Peninsula, SA","Photographer. Fagg, M."
8,native,Apocynaceae,Alyxia,buxifolia,,/photo/apii/id/dig/38958,"Taken at. Kulliparu Conservation Park, Eyre Peninsula, SA","Photographer. Fagg, M."
9,native,Apocynaceae,Alyxia,buxifolia,,/photo/apii/id/dig/45586,"Taken at. Southern Hills Station, c. 90 km E of Norseman, WA","Photographer. Thiele, K.R."
10,native,Apocynaceae,Alyxia,buxifolia,,/photo/apii/id/dig/45687,"Taken at. Cliffs at Eden Headland, Eden, NSW","Photographer. Fagg, M."
11,native,Apocynaceae,Alyxia,buxifolia,,/photo/apii/id/dig/60077,"Taken at. Australian National Herbarium, ACT","Photographer. Shaw, E.; Burrows, M."
12,native,Apocynaceae,Alyxia,buxifolia,,/photo/apii/id/dig/8143,"Taken at. Bermagui Headland, north of town,","Photographer. Fagg, M."
13,native,Apocynaceae,Alyxia,buxifolia,,/photo/apii/id/dig/8144,"Taken at. Bermagui Headland, north of town,","Photographer. Fagg, M."
14,native,Apocynaceae,Alyxia,buxifolia,,/photo/apii/id/dig/8145,"Taken at. Bermagui Headland, north of town,","Photographer. Fagg, M."
15,native,Apocynaceae,Alyxia,buxifolia,,/photo/apii/id/nsb/428,"Taken at. National Seed Bank, ANBG","Photographer. Clinton, B."
16,native,Apocynaceae,Alyxia,buxifolia,,/photo/apii/id/nsb/429,"Taken at. National Seed Bank, ANBG","Photographer. Clinton, B."
17,native,Apocynaceae,Alyxia,buxifolia,,/photo/apii/id/taa/42,Taken at. Rocky Cape National Park TAS,"Photographer. Ollerenshaw, P."
18,native,Apocynaceae,Alyxia,buxifolia,,/photo/apii/id/taa/43,Taken at. Rocky Cape National Park TAS,"Photographer. Ollerenshaw, P."
0,native,Apocynaceae,Marsdenia,rostrata,,/photo/apii/id/a/20463,Taken at. ANBG,"Photographer. Fagg, M."
1,native,Apocynaceae,Marsdenia,rostrata,,/photo/apii/id/a/28617,"Taken at. ANBG, ACT","Photographer. Fagg, M."
2,native,Apocynaceae,Marsdenia,rostrata,,/photo/apii/id/a/28618,"Taken at. Morton National Park, c. 0.5 km from Meryla Rd down Meryla Pass Rd, NSW","Photographer. Fagg, M."
3,native,Apocynaceae,Marsdenia,rostrata,,/photo/apii/id/dig/1682,"Taken at. Mt Annan Botanic Gardens, NSW","Photographer. Fagg, M."
4,native,Apocynaceae,Marsdenia,rostrata,,/photo/apii/id/dig/1683,"Taken at. Mt Annan Botanic Gardens, NSW","Photographer. Fagg, M."
5,native,Apocynaceae,Marsdenia,rostrata,,/photo/apii/id/dig/1684,"Taken at. Mt Annan Botanic Gardens, NSW","Photographer. Fagg, M."
6,native,Apocynaceae,Marsdenia,rostrata,,/photo/apii/id/rfk/3647,Taken at. see Australian Tropical Rainforest Plants Key,Photographer. Unknown
7,native,Apocynaceae,Marsdenia,rostrata,,/photo/apii/id/rfk/3648,Taken at. see Australian Tropical Rainforest Plants Key,Photographer. Unknown
8,native,Apocynaceae,Marsdenia,rostrata,,/photo/apii/id/rfk/3720,Taken at. see Australian Tropical Rainforest Plants Key,Photographer. Unknown
9,native,Apocynaceae,Marsdenia,rostrata,,/photo/apii/id/rfk/5021,Taken at. see Australian Tropical Rainforest Plants Key,Photographer. Unknown
10,native,Apocynaceae,Marsdenia,rostrata,,/photo/apii/id/rfk/5519,Taken at. see Australian Tropical Rainforest Plants Key,Photographer. Unknown
11,native,Apocynaceae,Marsdenia,rostrata,,/photo/apii/id/rfk/6471,Taken at. see Australian Tropical Rainforest Plants Key,Photographer. Unknown
12,native,Apocynaceae,Marsdenia,rostrata,,/photo/apii/id/rfk/9743,Taken at. see Australian Tropical Rainforest Plants Key,Photographer. Unknown
0,native,Apocynaceae,Centipeda,minima,subsp. minima,/photo/apii/id/dig/50783,"Taken at. Murrumbidgee Valley National Park - Berry Jerry, along Beavers Creek, NSW","Photographer. Fagg, M."
1,native,Apocynaceae,Centipeda,minima,subsp. minima,/photo/apii/id/dig/50784,"Taken at. Murrumbidgee Valley National Park - Berry Jerry, along Beavers Creek, NSW","Photographer. Fagg, M."
2,native,Apocynaceae,Centipeda,minima,subsp. minima,/photo/apii/id/dig/50785,"Taken at. Murrumbidgee Valley National Park - Berry Jerry, along Beavers Creek, NSW","Photographer. Fagg, M."
3,native,Apocynaceae,Centipeda,minima,subsp. minima,/photo/apii/id/dig/50786,"Taken at. Murrumbidgee Valley National Park - Berry Jerry, along Beavers Creek, NSW","Photographer. Fagg, M."
4,native,Apocynaceae,Centipeda,minima,subsp. minima,/photo/apii/id/dig/50787,"Taken at. Murrumbidgee Valley National Park - Berry Jerry, along Beavers Creek, NSW","Photographer. Fagg, M."
0,native,Apocynaceae,Cotula,coronopifolia,,/photo/apii/id/a/2844,Taken at. Port Adelaide SA near drain,"Photographer. Fagg, M."
1,native,Apocynaceae,Cotula,coronopifolia,,/photo/apii/id/a/3231,Taken at. Port Adelaide SA near drain,"Photographer. Fagg, M."
2,native,Apocynaceae,Cotula,coronopifolia,,/photo/apii/id/gra/45,Taken at. Mitre Lake VIC,"Photographer. Lyne, A."
3,native,Apocynaceae,Cotula,coronopifolia,,/photo/apii/id/wa/340,Taken at. Walpole > Denmark WA,"Photographer. Wrigley, J."
4,native,Apocynaceae,Cotula,coronopifolia,,/photo/apii/id/a/2843,Taken at. Port Adelaide SA near drain,"Photographer. Fagg, M."
5,native,Apocynaceae,Cotula,coronopifolia,,/photo/apii/id/dig/24274,"Taken at. Bunney Road, Kadathinni [c. 30 km directly ~NE of Eneabba].WA","Photographer. Schmidt-Lebuhn, A.N."
6,native,Apocynaceae,Cotula,coronopifolia,,/photo/apii/id/dig/24275,"Taken at. Bunney Road, Kadathinni [c. 30 km directly ~NE of Eneabba].WA","Photographer. Schmidt-Lebuhn, A.N."
7,native,Apocynaceae,Cotula,coronopifolia,,/photo/apii/id/dig/46030,"Taken at. Swan River at Belmont Racecourse, Belmont, WA","Photographer. Thiele, K.R."
8,native,Apocynaceae,Cotula,coronopifolia,,/photo/apii/id/gra/44,Taken at. Mitre Lake VIC,"Photographer. Lyne, A."
9,native,Apocynaceae,Cotula,coronopifolia,,/photo/apii/id/gra/46,Taken at. Mitre Lake VIC,"Photographer. Lyne, A."
0,native,Callitrichaceae,Callitriche,sonderi,,/photo/apii/id/dig/3631,"Taken at. Tantangara Dam, Kosciuszko Nat Pk NSW","Photographer. Fagg, M."
0,native,Dicksoniaceae,Calochlaena,dubia,,/photo/apii/id/p/413,Taken at. Girraween National Park QLD,"Photographer. Hill, R."
1,native,Dicksoniaceae,Calochlaena,dubia,,/photo/apii/id/foa/832,Taken at. ,Photographer. see Illustrator
0,native,Elatinaceae,Elatine,gratioloides,,/photo/apii/id/a/19976,Taken at. Coongie Lakes SA,"Photographer. Fagg, M."
1,native,Elatinaceae,Elatine,gratioloides,,/photo/apii/id/dig/3632,"Taken at. Tantangara Dam, Kosciuszko Nat Pk NSW","Photographer. Fagg, M."
2,native,Elatinaceae,Elatine,gratioloides,,/photo/apii/id/dig/3633,"Taken at. Tantangara Dam, Kosciuszko Nat Pk NSW","Photographer. Fagg, M."
3,native,Elatinaceae,Elatine,gratioloides,,/photo/apii/id/dig/47182,"Taken at. Inglewood: Water Board wetland between Helen St and India St, WA","Photographer. Thiele, K.R."
0,native,Oxalidaceae,Oxalis,corniculata,,/photo/apii/id/a/4860,Taken at. 20 k E St George QLD,"Photographer. Fagg, M."
1,native,Oxalidaceae,Oxalis,corniculata,,/photo/apii/id/a/23376,"Taken at. Bakers Blue Mountain, Font Hills Station, QLD","Photographer. Gray, B."
2,native,Oxalidaceae,Oxalis,corniculata,,/photo/apii/id/a/29191,"Taken at. 20 km E of St. George, QLD","Photographer. Fagg, M."
3,native,Oxalidaceae,Oxalis,corniculata,,/photo/apii/id/dig/47203,"Taken at. Drainage line between Bradby Nature Reserve and adjacent rail easement, Serpentine, WA","Photographer. Thiele, K.R."
4,native,Oxalidaceae,Oxalis,corniculata,,/photo/apii/id/dig/47204,"Taken at. Drainage line between Bradby Nature Reserve and adjacent rail easement, Serpentine, WA","Photographer. Thiele, K.R."
5,native,Oxalidaceae,Oxalis,corniculata,,/photo/apii/id/dig/49917,"Taken at. The Pink House, Research Station Road, Christmas Island","Photographer. Fagg, M."
6,native,Oxalidaceae,Oxalis,corniculata,,/photo/apii/id/dig/49918,"Taken at. The Pink House, Research Station Road, Christmas Island","Photographer. Fagg, M."
7,native,Oxalidaceae,Oxalis,corniculata,,/photo/apii/id/dig/49919,"Taken at. The Pink House, Research Station Road, Christmas Island","Photographer. Fagg, M."
8,native,Oxalidaceae,Oxalis,corniculata,,/photo/apii/id/rfk/5648,Taken at. see Australian Tropical Rainforest Plants Key,Photographer. Unknown
9,native,Oxalidaceae,Oxalis,corniculata,,/photo/apii/id/rfk/5649,Taken at. see Australian Tropical Rainforest Plants Key,Photographer. Unknown
0,native,Phormiaceae,Dianella,longifolia,,/photo/apii/id/dig/37853,"Taken at. Carnarvon Station Reserve. Mailman Spring, QLD","Photographer. Toms, E.J."
1,native,Phormiaceae,Dianella,longifolia,,/photo/apii/id/dig/37854,"Taken at. Carnarvon Station Reserve. Mailman Spring, QLD","Photographer. Toms, E.J."
2,native,Phormiaceae,Dianella,longifolia,,/photo/apii/id/nsb/206,"Taken at. National Seed Bank, ANBG","Photographer. Clinton, B."
3,native,Phormiaceae,Dianella,longifolia,,/photo/apii/id/nsb/207,"Taken at. National Seed Bank, ANBG","Photographer. Clinton, B."
4,native,Phormiaceae,Dianella,longifolia,,/photo/apii/id/dig/15300,Taken at. ANBG,"Photographer. Fagg, M."
5,native,Phormiaceae,Dianella,longifolia,,/photo/apii/id/dig/15301,Taken at. ANBG,"Photographer. Fagg, M."
6,native,Phormiaceae,Dianella,longifolia,,/photo/apii/id/dig/15302,Taken at. ANBG,"Photographer. Fagg, M."
7,native,Phormiaceae,Dianella,longifolia,,/photo/apii/id/dig/15303,Taken at. ANBG,"Photographer. Fagg, M."
8,native,Phormiaceae,Dianella,longifolia,,/photo/apii/id/x/3328,"Taken at. Australian National Herbarium, ACT","Photographer. Palmer, R."
9,native,Phormiaceae,Dianella,longifolia,,/photo/apii/id/x/3329,"Taken at. Australian National Herbarium, ACT","Photographer. Palmer, R."
10,native,Phormiaceae,Dianella,longifolia,,/photo/apii/id/dig/25378,Taken at. ANBG,"Photographer. Fagg, M."
11,native,Phormiaceae,Dianella,longifolia,,/photo/apii/id/dig/25379,Taken at. ANBG,"Photographer. Fagg, M."
12,native,Phormiaceae,Dianella,longifolia,,/photo/apii/id/dig/32457,"Taken at. Australian Arid Lands Botanic Gardens, Port Augusta, SA","Photographer. Fagg, M."
13,native,Phormiaceae,Dianella,longifolia,,/photo/apii/id/dig/32458,"Taken at. Australian Arid Lands Botanic Gardens, Port Augusta, SA","Photographer. Fagg, M."
14,native,Phormiaceae,Dianella,longifolia,,/photo/apii/id/dig/32459,"Taken at. Australian Arid Lands Botanic Gardens, Port Augusta, SA","Photographer. Fagg, M."
15,native,Phormiaceae,Dianella,longifolia,,/photo/apii/id/dig/34828,"Taken at. ANBG, ACT","Photographer. Fagg, M."
16,native,Phormiaceae,Dianella,longifolia,,/photo/apii/id/dig/34829,"Taken at. ANBG, ACT","Photographer. Fagg, M."
17,native,Phormiaceae,Dianella,longifolia,,/photo/apii/id/foa/682,Taken at. ,Photographer. see Illustrator
18,native,Phormiaceae,Dianella,longifolia,,/photo/apii/id/foa/682,Taken at. ,Photographer. see Illustrator
0,native,Poaceae,Agrostis,avenacea,var. avenacea,,,nan
0,native,Rutaceae,Correa,alba,,/photo/apii/id/a/488,Taken at. ANBG 138 027,Photographer. 
1,native,Rutaceae,Correa,alba,,/photo/apii/id/a/5581,Taken at. ANBG,"Photographer. O'Ryan, K"
2,native,Rutaceae,Correa,alba,,/photo/apii/id/a/26544,"Taken at. Wittunga Botanic Gardens, near Adelaide, SA","Photographer. Fagg, M."
3,native,Rutaceae,Correa,alba,,/photo/apii/id/a/6889,"Taken at. ANBG, ACT","Photographer. Greig, D."
4,native,Rutaceae,Correa,alba,,/photo/apii/id/dig/8223,Taken at. ANBG,"Photographer. Fagg, M."
5,native,Rutaceae,Correa,alba,,/photo/apii/id/x/1197,Taken at. Unknown,Photographer. Unknown
6,native,Rutaceae,Correa,alba,,/photo/apii/id/x/1277,Taken at. ,"Photographer. Hitchcock, M"
7,native,Rutaceae,Correa,alba,,/photo/apii/id/x/3578,"Taken at. Australian National Herbarium, ACT","Photographer. Palmer, R."
8,native,Rutaceae,Correa,alba,,/photo/apii/id/x/1815,"Taken at. Australian National Herbarium, ACT","Photographer. Palmer, R."
9,native,Rutaceae,Correa,alba,,/photo/apii/id/x/3194,"Taken at. Australian National Herbarium, ACT","Photographer. Palmer, R."
10,native,Rutaceae,Correa,alba,,/photo/apii/id/x/3579,"Taken at. Australian National Herbarium, ACT","Photographer. Palmer, R."
11,native,Rutaceae,Correa,alba,,/photo/apii/id/x/2074,"Taken at. Australian National Herbarium, ACT","Photographer. Palmer, R."
12,native,Rutaceae,Correa,alba,,/photo/apii/id/x/2212,"Taken at. Australian National Herbarium, ACT","Photographer. Palmer, R."
13,native,Rutaceae,Correa,alba,,/photo/apii/id/a/26561,"Taken at. ANBG, ACT","Photographer. Fagg, M."
14,native,Rutaceae,Correa,alba,,/photo/apii/id/x/2058,"Taken at. Australian National Herbarium, ACT","Photographer. Palmer, R."
15,native,Rutaceae,Correa,alba,,/photo/apii/id/x/2059,"Taken at. Australian National Herbarium, ACT","Photographer. Palmer, R."
16,native,Rutaceae,Correa,alba,,/photo/apii/id/x/3189,"Taken at. Australian National Herbarium, ACT","Photographer. Palmer, R."
17,native,Rutaceae,Correa,alba,,/photo/apii/id/x/2213,"Taken at. Australian National Herbarium, ACT","Photographer. Palmer, R."
18,native,Rutaceae,Correa,alba,,/photo/apii/id/x/2534,"Taken at. Australian National Herbarium, ACT","Photographer. Palmer, R."
19,native,Rutaceae,Correa,alba,,/photo/apii/id/x/1191,Taken at. Unknown,Photographer. Unknown
20,native,Rutaceae,Correa,alba,,/photo/apii/id/x/3577,"Taken at. Australian National Herbarium, ACT","Photographer. Palmer, R."
21,native,Rutaceae,Correa,alba,,/photo/apii/id/x/2254,"Taken at. Australian National Herbarium, ACT","Photographer. Palmer, R."
22,native,Rutaceae,Correa,alba,,/photo/apii/id/x/2257,"Taken at. Australian National Herbarium, ACT","Photographer. Palmer, R."
23,native,Rutaceae,Correa,alba,,/photo/apii/id/x/8,Taken at. ,"Photographer. Densley, C."
24,native,Rutaceae,Correa,alba,,/photo/apii/id/x/3351,"Taken at. Australian National Herbarium, ACT","Photographer. Palmer, R."
25,native,Rutaceae,Correa,alba,,/photo/apii/id/a/26564,"Taken at. ANBG, ACT","Photographer. Fagg, M."
26,native,Rutaceae,Correa,alba,,/photo/apii/id/a/19798,Taken at. ANBG 740763,"Photographer. Fagg, M."
27,native,Rutaceae,Correa,alba,,/photo/apii/id/a/26545,"Taken at. ANBG, ACT","Photographer. Fagg, M."
28,native,Rutaceae,Correa,alba,,/photo/apii/id/dig/31655,"Taken at. Mount Annan Botanic Gardens, Campbelltown, NSW","Photographer. Fagg, M."
29,native,Rutaceae,Correa,alba,,/photo/apii/id/dig/47890,"Taken at. Congo Point, 5 km S of Moruya Heads, NSW","Photographer. Fagg, M."
30,native,Rutaceae,Correa,alba,,/photo/apii/id/dig/47891,"Taken at. Congo Point, 5 km S of Moruya Heads, NSW","Photographer. Fagg, M."
31,native,Rutaceae,Correa,alba,,/photo/apii/id/dig/47892,"Taken at. Congo Point, 5 km S of Moruya Heads, NSW","Photographer. Fagg, M."
32,native,Rutaceae,Correa,alba,,/photo/apii/id/dig/47893,"Taken at. Congo Point, 5 km S of Moruya Heads, NSW","Photographer. Fagg, M."
33,native,Rutaceae,Correa,alba,,/photo/apii/id/dig/47894,"Taken at. Congo Point, 5 km S of Moruya Heads, NSW","Photographer. Fagg, M."
34,native,Rutaceae,Correa,alba,,/photo/apii/id/dig/6579,Taken at. ANBG,"Photographer. Fagg, M."
35,native,Rutaceae,Correa,alba,,/photo/apii/id/dig/6580,Taken at. ANBG,"Photographer. Fagg, M."
36,native,Rutaceae,Correa,alba,,/photo/apii/id/a/31831,"Taken at. Portland, VIC","Photographer. Woolcock, C.E."
37,native,Rutaceae,Correa,alba,,/photo/apii/id/dig/9508,Taken at. ANBG,"Photographer. Fagg, M."
0,native,Scrophulariaceae,Limosella,australis,,/photo/apii/id/a/2249,Taken at. ANBG nursery,"Photographer. Fagg, M."
1,native,Scrophulariaceae,Limosella,australis,,/photo/apii/id/a/28404,"Taken at. Coongie Lake, southern edge, SA","Photographer. Fagg, M."
2,native,Scrophulariaceae,Limosella,australis,,/photo/apii/id/dig/21643,"Taken at. Yanununbeyan State Conservation Area, near Captain's Flat, NSW","Photographer. Fagg, M."
3,native,Scrophulariaceae,Limosella,australis,,/photo/apii/id/dig/21644,"Taken at. Yanununbeyan State Conservation Area, near Captain's Flat, NSW","Photographer. Fagg, M."
4,native,Scrophulariaceae,Limosella,australis,,/photo/apii/id/dig/21646,"Taken at. Yanununbeyan State Conservation Area, near Captain's Flat, NSW","Photographer. Fagg, M."
5,native,Scrophulariaceae,Limosella,australis,,/photo/apii/id/dig/3629,"Taken at. Tantangara Dam, Kosciuszko Nat Pk NSW","Photographer. Fagg, M."
6,native,Scrophulariaceae,Limosella,australis,,/photo/apii/id/dig/3630,"Taken at. Tantangara Dam, Kosciuszko Nat Pk NSW","Photographer. Fagg, M."
7,native,Scrophulariaceae,Limosella,australis,,/photo/apii/id/dig/5776,"Taken at. Black Mtn Peninsula, lake edge, Canberra, ACT","Photographer. Fagg, M."
8,native,Scrophulariaceae,Limosella,australis,,/photo/apii/id/dig/5777,"Taken at. Black Mtn Peninsula, lake edge, Canberra, ACT","Photographer. Fagg, M."
9,native,Scrophulariaceae,Limosella,australis,,/photo/apii/id/dig/5778,"Taken at. Black Mtn Peninsula, lake edge, Canberra, ACT","Photographer. Fagg, M."
0,native,Scrophulariaceae,Mimulus,repens,,/photo/apii/id/a/20551,Taken at. Currawinya National Park QLD,"Photographer. Fagg, M."
0,native,Scrophulariaceae,Veronica,plebeia,,/photo/apii/id/a/35531,"Taken at. ANBG, ACT","Photographer. Fagg, M."
1,native,Scrophulariaceae,Veronica,plebeia,,/photo/apii/id/a/35532,"Taken at. ANBG, ACT","Photographer. Fagg, M."
2,native,Scrophulariaceae,Veronica,plebeia,,/photo/apii/id/a/35533,"Taken at. Currowan State Forest, Waterfall Road, about 50 m uphill of Lyons Creek crossing, NSW","Photographer. Fagg, M."
3,native,Scrophulariaceae,Veronica,plebeia,,/photo/apii/id/dig/16389,"Taken at. Koorawatha Nature Reserve, NSW","Photographer. Schmidt-Lebuhn, A.N."
4,native,Scrophulariaceae,Veronica,plebeia,,/photo/apii/id/dig/16390,"Taken at. Koorawatha Nature Reserve, NSW","Photographer. Schmidt-Lebuhn, A.N."
5,native,Scrophulariaceae,Veronica,plebeia,,/photo/apii/id/dig/37848,"Taken at. Carnarvon Station Reserve. Mailman Spring. Between creek and fire trail, QLD","Photographer. Toms, E.J."
6,native,Scrophulariaceae,Veronica,plebeia,,/photo/apii/id/dig/37849,"Taken at. Carnarvon Station Reserve. Mailman Spring. Between creek and fire trail, QLD","Photographer. Toms, E.J."
7,native,Scrophulariaceae,Veronica,plebeia,,/photo/apii/id/dig/8696,"Taken at. ANBG, ACT","Photographer. Fagg, M."
8,native,Scrophulariaceae,Veronica,plebeia,,/photo/apii/id/dig/8697,"Taken at. ANBG, ACT","Photographer. Fagg, M."
9,native,Scrophulariaceae,Veronica,plebeia,,/photo/apii/id/dig/8698,"Taken at. ANBG, ACT","Photographer. Fagg, M."
0,native,Sinopteridaceae,Cheilanthes,austrotenuifolia,,/photo/apii/id/p/143,Taken at. Warby Range VIC,"Photographer. Greig, D."
1,native,Sinopteridaceae,Cheilanthes,austrotenuifolia,,/photo/apii/id/ara/3,Taken at. Aranda ACT,"Photographer. Ormay, P."
2,native,Sinopteridaceae,Cheilanthes,austrotenuifolia,,/photo/apii/id/ara/4,Taken at. Aranda ACT,"Photographer. Ormay, P."
3,native,Sinopteridaceae,Cheilanthes,austrotenuifolia,,/photo/apii/id/foa/742,Taken at. ,Photographer. see Illustrator
4,native,Sinopteridaceae,Cheilanthes,austrotenuifolia,,/photo/apii/id/p/213,Taken at. Cocoparra National Park NSW,"Photographer. Fagg, M."
5,native,Sinopteridaceae,Cheilanthes,austrotenuifolia,,/photo/apii/id/p/406,Taken at. Maldon VIC,"Photographer. Hill, R."
6,native,Sinopteridaceae,Cheilanthes,austrotenuifolia,,/photo/apii/id/p/407,Taken at. Maldon VIC,"Photographer. Hill, R."
0,native,Sinopteridaceae,Pellaea,falcata,var. falcata,/photo/apii/id/p/528,Taken at. Ben Boyd National Park NSW,"Photographer. Hill, R."
1,native,Sinopteridaceae,Pellaea,falcata,var. falcata,/photo/apii/id/dig/16302,"Taken at. Koorawatha Nature Reserve, NSW","Photographer. Schmidt-Lebuhn, A.N."
2,native,Sinopteridaceae,Pellaea,falcata,var. falcata,/photo/apii/id/dig/16303,"Taken at. Koorawatha Nature Reserve, NSW","Photographer. Schmidt-Lebuhn, A.N."
3,native,Sinopteridaceae,Pellaea,falcata,var. falcata,/photo/apii/id/dig/16304,"Taken at. Koorawatha Nature Reserve, NSW","Photographer. Schmidt-Lebuhn, A.N."
4,native,Sinopteridaceae,Pellaea,falcata,var. falcata,/photo/apii/id/dig/20734,"Taken at. Ben Boyd National Park, near Eden, NSW","Photographer. Fagg, M."
5,native,Sinopteridaceae,Pellaea,falcata,var. falcata,/photo/apii/id/dig/20735,"Taken at. Ben Boyd National Park, near Eden, NSW","Photographer. Fagg, M."
6,native,Sinopteridaceae,Pellaea,falcata,var. falcata,/photo/apii/id/dig/20736,"Taken at. Ben Boyd National Park, near Eden, NSW","Photographer. Fagg, M."
7,native,Sinopteridaceae,Pellaea,falcata,var. falcata,/photo/apii/id/dig/20737,"Taken at. Ben Boyd National Park, near Eden, NSW","Photographer. Fagg, M."
8,native,Sinopteridaceae,Pellaea,falcata,var. falcata,/photo/apii/id/dig/6175,"Taken at. Bungonia Gorge Cons Reserve, NSW","Photographer. Fagg, M."
9,native,Sinopteridaceae,Pellaea,falcata,var. falcata,/photo/apii/id/dig/6176,"Taken at. Bungonia Gorge Cons Reserve, NSW","Photographer. Fagg, M."
10,native,Sinopteridaceae,Pellaea,falcata,var. falcata,/photo/apii/id/dig/6177,"Taken at. Bungonia Gorge Cons Reserve, NSW","Photographer. Fagg, M."
11,native,Sinopteridaceae,Pellaea,falcata,var. falcata,/photo/apii/id/foa/740,Taken at. ,Photographer. see Illustrator
12,native,Sinopteridaceae,Pellaea,falcata,var. falcata,/photo/apii/id/p/527,Taken at. Unknown,"Photographer. Hill, R."
13,native,Sinopteridaceae,Pellaea,falcata,var. falcata,/photo/apii/id/p/310,Taken at. Barrington Tops NSW,"Photographer. Greig, D."
0,native,Solanaceae,Solanum,americanum,,,,nan
0,native,Solanaceae,Solanum,prinophyllum,,,,nan
0,native,Solanaceae,Solanum,vescum,,/photo/apii/id/dig/60010,"Taken at. Australian National Herbarium, ACT","Photographer. Shaw, E.; Burrows, M."
1,native,Solanaceae,Solanum,vescum,,/photo/apii/id/nsb/1053,"Taken at. National Seed Bank, ANBG","Photographer. Clinton, B."
2,native,Solanaceae,Solanum,vescum,,/photo/apii/id/nsb/1054,"Taken at. National Seed Bank, ANBG","Photographer. Clinton, B."
3,native,Solanaceae,Solanum,vescum,,/photo/apii/id/wb/9,Taken at. Warrumbungles NSW,"Photographer. Streimann, H"
0,intro,Asteraceae,Sonchus,oleraceus,,/photo/apii/id/dig/21815,"Taken at. north of Balranald on Ivanhoe Road, NSW","Photographer. Fagg, M."
1,intro,Asteraceae,Sonchus,oleraceus,,/photo/apii/id/dig/21816,"Taken at. north of Balranald on Ivanhoe Road, NSW","Photographer. Fagg, M."
2,intro,Asteraceae,Sonchus,oleraceus,,/photo/apii/id/dig/21817,"Taken at. north of Balranald on Ivanhoe Road, NSW","Photographer. Fagg, M."
3,intro,Asteraceae,Sonchus,oleraceus,,/photo/apii/id/dig/4392,Taken at. southern edge of Lake George near Bungendore NSW,"Photographer. Fagg, M."
4,intro,Asteraceae,Sonchus,oleraceus,,/photo/apii/id/dig/4393,Taken at. southern edge of Lake George near Bungendore NSW,"Photographer. Fagg, M."
5,intro,Asteraceae,Sonchus,oleraceus,,/photo/apii/id/dig/44426,"Taken at. Ellery Waterhole, MacDonnell Ranges, 80 km W of Alice Springs, NT","Photographer. Fagg, M."
6,intro,Asteraceae,Sonchus,oleraceus,,/photo/apii/id/dig/44427,"Taken at. Ellery Waterhole, MacDonnell Ranges, 80 km W of Alice Springs, NT","Photographer. Fagg, M."
7,intro,Asteraceae,Sonchus,oleraceus,,/photo/apii/id/dig/44428,"Taken at. Ellery Waterhole, MacDonnell Ranges, 80 km W of Alice Springs, NT","Photographer. Fagg, M."
8,intro,Asteraceae,Sonchus,oleraceus,,/photo/apii/id/dig/44429,"Taken at. Ellery Waterhole, MacDonnell Ranges, 80 km W of Alice Springs, NT","Photographer. Fagg, M."
9,intro,Asteraceae,Sonchus,oleraceus,,/photo/apii/id/dig/44430,"Taken at. Ellery Waterhole, MacDonnell Ranges, 80 km W of Alice Springs, NT","Photographer. Fagg, M."
10,intro,Asteraceae,Sonchus,oleraceus,,/photo/apii/id/dig/49933,"Taken at. Entrance to Christmas Island Detention Centre, 2.2 km W of junction of North West Point Road and East West Baseline, Christmas Island","Photographer. Fagg, M."
11,intro,Asteraceae,Sonchus,oleraceus,,/photo/apii/id/dig/49934,"Taken at. Entrance to Christmas Island Detention Centre, 2.2 km W of junction of North West Point Road and East West Baseline, Christmas Island","Photographer. Fagg, M."
12,intro,Asteraceae,Sonchus,oleraceus,,/photo/apii/id/dig/49935,"Taken at. Entrance to Christmas Island Detention Centre, 2.2 km W of junction of North West Point Road and East West Baseline, Christmas Island","Photographer. Fagg, M."
13,intro,Asteraceae,Sonchus,oleraceus,,/photo/apii/id/dig/8369,"Taken at. drain in Haig Park, Turner, Canberra, ACT","Photographer. Fagg, M."
14,intro,Asteraceae,Sonchus,oleraceus,,/photo/apii/id/dig/8370,"Taken at. drain in Haig Park, Turner, Canberra, ACT","Photographer. Fagg, M."
0,intro,Basellaceae,Anredera,cordifolia,,/photo/apii/id/dig/10091,"Taken at. Seaford, between station parking lot and Kananook Creek, VIC.","Photographer. Shepherd, R.C.H."
1,intro,Basellaceae,Anredera,cordifolia,,/photo/apii/id/dig/10089,"Taken at. Seaford, between station parking lot and Kananook Creek, VIC.","Photographer. Shepherd, R.C.H."
2,intro,Basellaceae,Anredera,cordifolia,,/photo/apii/id/dig/10090,"Taken at. Seaford, between station parking lot and Kananook Creek, VIC.","Photographer. Shepherd, R.C.H."
3,intro,Basellaceae,Anredera,cordifolia,,/photo/apii/id/dig/10092,"Taken at. Edge of parking lot, near Kananook Creek, Seaford railway station, VIC.","Photographer. Shepherd, R.C.H."
4,intro,Basellaceae,Anredera,cordifolia,,/photo/apii/id/dig/10093,"Taken at. Seaford, between station parking lot and Kananook Creek, VIC.","Photographer. Shepherd, R.C.H."
5,intro,Basellaceae,Anredera,cordifolia,,/photo/apii/id/dig/10094,"Taken at. Seaford, between station parking lot and Kananook Creek, VIC.","Photographer. Shepherd, R.C.H."
6,intro,Basellaceae,Anredera,cordifolia,,/photo/apii/id/dig/10095,"Taken at. Seaford, between station parking lot and Kananook Creek, VIC.","Photographer. Shepherd, R.C.H."
7,intro,Basellaceae,Anredera,cordifolia,,/photo/apii/id/dig/11076,"Taken at. Mazlin Creek, Bean Tree Road, QLD.","Photographer. Gray, B."
8,intro,Basellaceae,Anredera,cordifolia,,/photo/apii/id/dig/11077,"Taken at. Mazlin Creek, Bean Tree Road, QLD.","Photographer. Gray, B."
9,intro,Basellaceae,Anredera,cordifolia,,/photo/apii/id/dig/11092,"Taken at. Mazlin Creek, Bean Tree Road, QLD.","Photographer. Gray, B."
10,intro,Basellaceae,Anredera,cordifolia,,/photo/apii/id/dig/11093,"Taken at. Mazlin Creek, Bean Tree Road, QLD.","Photographer. Gray, B."
11,intro,Basellaceae,Anredera,cordifolia,,/photo/apii/id/dig/11177,"Taken at. Makawao, Maui, Hawaii, USA.","Photographer. Starr, F. &amp; K."
12,intro,Basellaceae,Anredera,cordifolia,,/photo/apii/id/dig/11178,"Taken at. HPoko, Maui, Hawaii, USA.","Photographer. Starr, F. &amp; K."
13,intro,Basellaceae,Anredera,cordifolia,,/photo/apii/id/dig/11179,"Taken at. Lanai City, Lanai, Hawaii, USA.","Photographer. Starr, F. &amp; K."
14,intro,Basellaceae,Anredera,cordifolia,,/photo/apii/id/dig/11180,"Taken at. Lanai City, Lanai, Hawaii, USA.","Photographer. Starr, F. &amp; K."
15,intro,Basellaceae,Anredera,cordifolia,,/photo/apii/id/dig/11181,"Taken at. Lanai City, Lanai, Hawaii, USA.","Photographer. Starr, F. &amp; K."
16,intro,Basellaceae,Anredera,cordifolia,,/photo/apii/id/dig/11182,"Taken at. HPoko, Maui, Hawaii, USA.","Photographer. Starr, F. &amp; K."
17,intro,Basellaceae,Anredera,cordifolia,,/photo/apii/id/dig/11183,"Taken at. Ulupalakua, Maui, Hawaii, USA.","Photographer. Starr, F. &amp; K."
18,intro,Basellaceae,Anredera,cordifolia,,/photo/apii/id/dig/20719,"Taken at. cliff edge, Eden, NSW","Photographer. Fagg, M."
19,intro,Basellaceae,Anredera,cordifolia,,/photo/apii/id/dig/20720,"Taken at. cliff edge, Eden, NSW","Photographer. Fagg, M."
20,intro,Basellaceae,Anredera,cordifolia,,/photo/apii/id/dig/20721,"Taken at. cliff edge, Eden, NSW","Photographer. Fagg, M."
21,intro,Basellaceae,Anredera,cordifolia,,/photo/apii/id/dig/20722,"Taken at. cliff edge, Eden, NSW","Photographer. Fagg, M."
22,intro,Basellaceae,Anredera,cordifolia,,/photo/apii/id/dig/20723,"Taken at. cliff edge, Eden, NSW","Photographer. Fagg, M."
23,intro,Basellaceae,Anredera,cordifolia,,/photo/apii/id/dig/28111,"Taken at. near Nymboida River crossing, Armidale to Grafton Road, NSW","Photographer. Fagg, M."
24,intro,Basellaceae,Anredera,cordifolia,,/photo/apii/id/dig/28112,"Taken at. near Nymboida River crossing, Armidale to Grafton Road, NSW","Photographer. Fagg, M."
25,intro,Basellaceae,Anredera,cordifolia,,/photo/apii/id/dig/28113,"Taken at. near Nymboida River crossing, Armidale to Grafton Road, NSW","Photographer. Fagg, M."
26,intro,Basellaceae,Anredera,cordifolia,,/photo/apii/id/dig/28114,"Taken at. near Nymboida River crossing, Armidale to Grafton Road, NSW","Photographer. Fagg, M."
27,intro,Basellaceae,Anredera,cordifolia,,/photo/apii/id/dig/28115,"Taken at. near Nymboida River crossing, Armidale to Grafton Road, NSW","Photographer. Fagg, M."
28,intro,Basellaceae,Anredera,cordifolia,,/photo/apii/id/dig/33441,"Taken at. near Cargo, NSW","Photographer. Fagg, M."
29,intro,Basellaceae,Anredera,cordifolia,,/photo/apii/id/dig/33442,"Taken at. near Cargo, NSW","Photographer. Fagg, M."
30,intro,Basellaceae,Anredera,cordifolia,,/photo/apii/id/dig/33443,"Taken at. near Cargo, NSW","Photographer. Fagg, M."
31,intro,Basellaceae,Anredera,cordifolia,,/photo/apii/id/dig/33444,"Taken at. near Cargo, NSW","Photographer. Fagg, M."
32,intro,Basellaceae,Anredera,cordifolia,,/photo/apii/id/dig/33445,"Taken at. near Cargo, NSW","Photographer. Fagg, M."
33,intro,Basellaceae,Anredera,cordifolia,,/photo/apii/id/dig/33446,"Taken at. near Cargo, NSW","Photographer. Fagg, M."
34,intro,Basellaceae,Anredera,cordifolia,,/photo/apii/id/rfk/9831,Taken at. see Australian Tropical Rainforest Plants Key,Photographer. Unknown
0,intro,Brassicaceae,Cakile,maritima,subsp. maritima,/photo/apii/id/dig/39136,"Taken at. Sheringa Lagoon dunes, 35 km SE of Elliston, Eyre Peninsula, SA","Photographer. Fagg, M."
0,intro,Caryophyllaceae,Polycarpon,tetraphyllum,,/photo/apii/id/dig/33074,"Taken at. Dryandra Street nature-strip, O'Connor, ACT","Photographer. Fagg, M."
1,intro,Caryophyllaceae,Polycarpon,tetraphyllum,,/photo/apii/id/dig/46031,"Taken at. George St, Kensington, WA","Photographer. Thiele, K.R."
2,intro,Caryophyllaceae,Polycarpon,tetraphyllum,,/photo/apii/id/dig/46032,"Taken at. George St, Kensington, WA","Photographer. Thiele, K.R."
3,intro,Caryophyllaceae,Polycarpon,tetraphyllum,,/photo/apii/id/dig/7501,"Taken at. ANBG, ACT","Photographer. Fagg, M."
4,intro,Caryophyllaceae,Polycarpon,tetraphyllum,,/photo/apii/id/dig/7502,"Taken at. ANBG, ACT","Photographer. Fagg, M."
0,intro,Poaceae,Digitaria,ciliaris,,,,nan
0,intro,Poaceae,Eleusine,indica,,/photo/apii/id/dig/29810,"Taken at. Shepherds Lane, Coffs Harbour, NSW","Photographer. Fagg, M."
1,intro,Poaceae,Eleusine,indica,,/photo/apii/id/dig/29811,"Taken at. Shepherds Lane, Coffs Harbour, NSW","Photographer. Fagg, M."
2,intro,Poaceae,Eleusine,indica,,/photo/apii/id/dig/29812,"Taken at. Shepherds Lane, Coffs Harbour, NSW","Photographer. Fagg, M."
3,intro,Poaceae,Eleusine,indica,,/photo/apii/id/dig/29813,"Taken at. Shepherds Lane, Coffs Harbour, NSW","Photographer. Fagg, M."
4,intro,Poaceae,Eleusine,indica,,/photo/apii/id/dig/41049,"Taken at. Catchment pool, artificial wetland near Lynham High School, ACT","Photographer. Fagg, M."
5,intro,Poaceae,Eleusine,indica,,/photo/apii/id/dig/41050,"Taken at. Catchment pool, artificial wetland near Lynham High School, ACT","Photographer. Fagg, M."
6,intro,Poaceae,Eleusine,indica,,/photo/apii/id/dig/41051,"Taken at. Catchment pool, artificial wetland near Lynham High School, ACT","Photographer. Fagg, M."
7,intro,Poaceae,Eleusine,indica,,/photo/apii/id/dig/41052,"Taken at. Catchment pool, artificial wetland near Lynham High School, ACT","Photographer. Fagg, M."
8,intro,Poaceae,Eleusine,indica,,/photo/apii/id/dig/48888,"Taken at. Rehabilitation site, 1.6 km SE of junction of North West Point Road and East West Baseline, Christmas Island","Photographer. Fagg, M."
9,intro,Poaceae,Eleusine,indica,,/photo/apii/id/dig/48889,"Taken at. Rehabilitation site, 1.6 km SE of junction of North West Point Road and East West Baseline, Christmas Island","Photographer. Fagg, M."
10,intro,Poaceae,Eleusine,indica,,/photo/apii/id/dig/48890,"Taken at. Rehabilitation site, 1.6 km SE of junction of North West Point Road and East West Baseline, Christmas Island","Photographer. Fagg, M."
11,intro,Poaceae,Eleusine,indica,,/photo/apii/id/dig/48891,"Taken at. Rehabilitation site, 1.6 km SE of junction of North West Point Road and East West Baseline, Christmas Island","Photographer. Fagg, M."
12,intro,Poaceae,Eleusine,indica,,/photo/apii/id/dig/48892,"Taken at. Rehabilitation site, 1.6 km SE of junction of North West Point Road and East West Baseline, Christmas Island","Photographer. Fagg, M."
0,intro,Poaceae,Lagurus,ovatus,,/photo/apii/id/dig/11126,"Taken at. Ocean Grove, VIC.","Photographer. Richardson, R.G. &amp; F.J."
1,intro,Poaceae,Lagurus,ovatus,,/photo/apii/id/dig/11127,"Taken at. Grubb Road, Wallington, VIC.","Photographer. Richardson, R.G. &amp; F.J."
2,intro,Poaceae,Lagurus,ovatus,,/photo/apii/id/dig/11128,"Taken at. Grubb Road, Wallington, VIC.","Photographer. Richardson, R.G. &amp; F.J."
3,intro,Poaceae,Lagurus,ovatus,,/photo/apii/id/dig/11129,"Taken at. Grubb Road, Wallington, VIC.","Photographer. Richardson, R.G. &amp; F.J."
4,intro,Poaceae,Lagurus,ovatus,,/photo/apii/id/dig/11130,"Taken at. Grubb Road roudabout, Wallington, VIC.","Photographer. Richardson, R.G. &amp; F.J."
5,intro,Poaceae,Lagurus,ovatus,,/photo/apii/id/dig/11131,"Taken at. Wallington, VIC.","Photographer. Richardson, R.G. &amp; F.J."
6,intro,Poaceae,Lagurus,ovatus,,/photo/apii/id/dig/11132,"Taken at. Foreshore Brighton near Brighton Baths, VIC.","Photographer. Richardson, R.G. &amp; F.J."
7,intro,Poaceae,Lagurus,ovatus,,/photo/apii/id/dig/11133,"Taken at. Marengo foreshore, Apollo Bay, VIC.","Photographer. Richardson, R.G. &amp; F.J."
8,intro,Poaceae,Lagurus,ovatus,,/photo/apii/id/dig/11134,"Taken at. Marengo foreshore, Apollo Bay, VIC.","Photographer. Richardson, R.G. &amp; F.J."
9,intro,Poaceae,Lagurus,ovatus,,/photo/apii/id/dig/11135,"Taken at. Along rail tracks, near Kananook Railway Station, VIC.","Photographer. Shepherd, R.C.H."
10,intro,Poaceae,Lagurus,ovatus,,/photo/apii/id/dig/45556,"Taken at. Inglewood (suburb of Perth), WA","Photographer. Thiele, K.R."
0,intro,Poaceae,Paspalum,dilatatum,,/photo/apii/id/dig/7917,"Taken at. Gininderra Creek, below dam, Canberra, ACT","Photographer. Fagg, M."
1,intro,Poaceae,Paspalum,dilatatum,,/photo/apii/id/dig/7918,"Taken at. Gininderra Creek, below dam, Canberra, ACT","Photographer. Fagg, M."
2,intro,Poaceae,Paspalum,dilatatum,,/photo/apii/id/dig/7919,"Taken at. Gininderra Creek, below dam, Canberra, ACT","Photographer. Fagg, M."
3,intro,Poaceae,Paspalum,dilatatum,,/photo/apii/id/dig/7923,"Taken at. Gininderra Creek, below dam, Canberra, ACT","Photographer. Fagg, M."
0,intro,Poaceae,Paspalum,distichum,,/photo/apii/id/dig/39167,"Taken at. Yass River, Yass, NSW","Photographer. Fagg, M."
1,intro,Poaceae,Paspalum,distichum,,/photo/apii/id/dig/39168,"Taken at. Yass River, Yass, NSW","Photographer. Fagg, M."
2,intro,Poaceae,Paspalum,distichum,,/photo/apii/id/dig/39169,"Taken at. Yass River, Yass, NSW","Photographer. Fagg, M."
3,intro,Poaceae,Paspalum,distichum,,/photo/apii/id/dig/39170,"Taken at. Yass River, Yass, NSW","Photographer. Fagg, M."
4,intro,Poaceae,Paspalum,distichum,,/photo/apii/id/dig/39171,"Taken at. Yass River, Yass, NSW","Photographer. Fagg, M."
5,intro,Poaceae,Paspalum,distichum,,/photo/apii/id/dig/39172,"Taken at. Yass River, Yass, NSW","Photographer. Fagg, M."
6,intro,Poaceae,Paspalum,distichum,,/photo/apii/id/dig/39173,"Taken at. Yass River, Yass, NSW","Photographer. Fagg, M."
7,intro,Poaceae,Paspalum,distichum,,/photo/apii/id/dig/39174,"Taken at. Yass River, Yass, NSW","Photographer. Fagg, M."
8,intro,Poaceae,Paspalum,distichum,,/photo/apii/id/dig/7951,"Taken at. Jerrabomberra Wetlands Reserve, ACT","Photographer. Fagg, M."
9,intro,Poaceae,Paspalum,distichum,,/photo/apii/id/dig/7952,"Taken at. Jerrabomberra Wetlands Reserve, ACT","Photographer. Fagg, M."
10,intro,Poaceae,Paspalum,distichum,,/photo/apii/id/x/3443,"Taken at. Australian National Herbarium, ACT","Photographer. Palmer, R."
11,intro,Poaceae,Paspalum,distichum,,/photo/apii/id/x/1888,"Taken at. Australian National Herbarium, ACT","Photographer. Palmer, R."
12,intro,Poaceae,Paspalum,distichum,,/photo/apii/id/x/3444,"Taken at. Australian National Herbarium, ACT","Photographer. Palmer, R."
0,intro,Primulaceae,Solanum,nigrum,,/photo/apii/id/dig/15959,"Taken at. Booroowa - Crookwell Road, NSW","Photographer. Fagg, M."
1,intro,Primulaceae,Solanum,nigrum,,/photo/apii/id/dig/15960,"Taken at. Booroowa - Crookwell Road, NSW","Photographer. Fagg, M."
2,intro,Primulaceae,Solanum,nigrum,,/photo/apii/id/dig/15961,"Taken at. Booroowa - Crookwell Road, NSW","Photographer. Fagg, M."
3,intro,Primulaceae,Solanum,nigrum,,/photo/apii/id/dig/15962,"Taken at. Booroowa - Crookwell Road, NSW","Photographer. Fagg, M."
4,intro,Primulaceae,Solanum,nigrum,,/photo/apii/id/dig/15963,"Taken at. Booroowa - Crookwell Road, NSW","Photographer. Fagg, M."
5,intro,Primulaceae,Solanum,nigrum,,/photo/apii/id/dig/3381,"Taken at. Pialago, near Cotter ACT","Photographer. Fagg, M."
6,intro,Primulaceae,Solanum,nigrum,,/photo/apii/id/dig/3382,"Taken at. Pialago, near Cotter ACT","Photographer. Fagg, M."
7,intro,Primulaceae,Solanum,nigrum,,/photo/apii/id/rfk/1056,Taken at. see Australian Tropical Rainforest Plants Key,Photographer. Unknown
8,intro,Primulaceae,Solanum,nigrum,,/photo/apii/id/rfk/11815,Taken at. see Australian Tropical Rainforest Plants Key,Photographer. Unknown
9,intro,Primulaceae,Solanum,nigrum,,/photo/apii/id/rfk/158,Taken at. see Australian Tropical Rainforest Plants Key,Photographer. Unknown
10,intro,Primulaceae,Solanum,nigrum,,/photo/apii/id/rfk/159,Taken at. see Australian Tropical Rainforest Plants Key,Photographer. Unknown
11,intro,Primulaceae,Solanum,nigrum,,/photo/apii/id/rfk/4805,Taken at. see Australian Tropical Rainforest Plants Key,"Photographer. Jago, B."
12,intro,Primulaceae,Solanum,nigrum,,/photo/apii/id/rfk/9288,Taken at. see Australian Tropical Rainforest Plants Key,Photographer. Unknown
13,intro,Primulaceae,Solanum,nigrum,,/photo/apii/id/rfk/9289,Taken at. see Australian Tropical Rainforest Plants Key,Photographer. Unknown
